AMZN,GOOG,BRK-B,UNH,V,PFE,CSCO,CVX,ABBV,ABT,CRM,VZ,QCOM,MCD,DHR,TXN,PM,HON,BMY,SCHW,C,BLK,IBM,PLD,TGT,DE,MMM,F,LRCX,MO,LMT,TFC
0.005841757049534824,0.0025664636690077014,-0.002330456478189191,0.016525317578046872,-0.005098915836382223,0.0014018891157137059,-0.009074784510481493,-0.012548626130858831,0.0032284807119893344,0.014110798178034178,-0.0009652134952312652,-0.004103775854018332,0.006734333732895115,0.007008147187924418,-0.01295982161390985,0.00957965543517858,-0.005153614883502078,0.003934859616381514,-0.004477266362624688,0.00796666646361155,-0.01824005885815938,0.0008749337721856154,-0.09563075966351464,0.010598219388054941,0.009450844210361575,-0.0032553681455790295,-0.0016445490476511004,0.031795357437536476,-0.017824928051927702,-0.004129669420127491,0.005415955928160132,-0.004696298509391461
-0.02895478052603584,-0.029104150880355673,0.0084372876659915,0.015555761386439881,0.004299819425642282,0.006999543084509341,-0.010414739551928953,0.009486315881078511,0.0034938728760429694,0.013354665270388422,0.009488975615632445,-0.008615796229007322,-0.01074789158218048,-0.012261740580376657,0.008495912376494053,-0.011028838323510537,0.0037297991579428036,-0.03171213258390582,-0.003632655598847845,0.015929014623616844,0.01219686707560852,0.012448493985508735,-0.0035065860499301493,-0.006485455815718355,0.006766052435009051,-0.0064736231366597785,-0.007247952288136017,-0.01631402071976884,0.002376632875088047,-0.00020733568485753473,0.003912681431964993,0.013526306127569665
-0.00455095304175035,0.0010676144048693548,0.003526550842514853,0.0007346852915091073,0.011460503188317261,-0.0002317290266506955,0.0005443484164078249,0.00930850135816974,-0.0058639891286227375,-0.0011048231639474437,0.004648673367821932,-0.006612497355963809,0.002355189696978899,-0.004613374945705351,-0.02323056655956457,0.0056763670263861865,-0.003509436284673706,0.0006440052842833222,0.003645899897523508,-0.007899483318970946,-0.007566138705544123,0.01067796145608213,-0.0018767054419209783,0.007638984192233744,0.01727041695382492,0.035249974933686534,0.00884954547500394,-0.017199113539041577,-0.00856778433543881,-0.005599305039527769,0.0046182203797053845,0.002017377380777896
0.016775223606413814,0.006478198468651941,0.0020326476884191536,0.011457458123609321,-0.00880794085208969,0.009501754512383664,0.01215091806557611,0.0021958308565586115,0.009124381112499691,0.012245249271159997,0.004048625032200048,0.009509347005552948,7.592642427645124e-05,-0.0038762503832775463,0.0027114540602626303,-0.016083903106090203,-0.003521875907183558,0.003585609518043098,0.007438114121020911,0.0020508564807277807,-0.0025413823605453523,0.007396736903386936,-0.003995647907809374,0.007787689850146995,-0.006222461221942699,-0.03280219911349869,-0.0013157328794906054,-0.0037500384888135008,-0.005489339594790255,0.003336742347981092,-0.11803463715352402,-0.0020133157630970455
0.004863619990854939,0.04836692760749273,-0.010555293999636728,-0.00255144852130873,-0.0691916672304328,-0.01354452278523921,0.006629630574364276,-0.017791340084575502,-0.009955234149112258,-0.003277935817661781,0.00013557164077049322,-0.008477808566382694,-0.005608725814510218,0.026689775843965702,-0.005506145089539727,-0.05015736236054458,-0.013825308957869153,-0.011909165735778604,-0.03004803022682545,-0.022995363624906506,-0.004812474581521675,-0.015361023444255384,-0.015417280007063439,-0.016207322141388425,-0.008464353658181545,-0.008559288948771004,-0.021519517223458906,-0.026976117824520807,0.008525498493560102,-0.012679266007921797,-0.00292246539121066,-0.022191270468245428
0.015941116489857077,-0.002038541463723287,0.006741269197426236,0.0043220981242393375,-0.027528056338582907,0.004887110444343756,0.001068029890903377,0.009369134735929485,0.011715878566801674,0.0,0.010943625455269279,0.003230100540675407,0.018978767189734347,0.011411866194171338,-0.0021949635890156083,0.004115378631573741,0.011594801617478279,0.012794360112563963,0.01132939188153581,0.010351187510317716,0.008107012477261977,0.019852396669045147,0.005352676448055593,0.01953278742990916,0.0065485902363675574,0.0339118865457575,0.00914485586322833,0.08704064668660738,0.02227155693952043,-0.06147360239346944,0.0013597998895238383,0.013966077686272671
-0.021511280852630987,0.014654802550988721,-0.009353829365110755,0.011044251019186824,0.009197541912252083,0.012969032829234672,-0.004800904547319407,0.012110967672566364,0.04559129853831112,0.009239603198250457,0.00439036643594215,0.003598527597888035,-0.004862111663477164,0.0002036826243472234,0.023639843708484376,0.004070318245310789,-0.01490050629408679,0.0006407516356878862,0.022230022206379818,0.00048784595818540666,-0.01719481365987907,0.008530376192185773,-0.005880437151952411,-0.011658748427266996,0.005421733396438144,-0.02113248169428894,-0.0066158650424423815,0.013048579851987707,-0.0042052614621421736,-0.010542894484888876,0.0028063440609016332,-0.006573788830658511
-0.01610702826146615,-0.030326307089415305,-0.0026829013102324106,-0.013811977264331254,0.003258224779976171,-0.0022862985638293365,0.00232266721366603,0.00034937708687587943,0.0012209202896757976,0.000388012942476923,0.010243943071871264,-0.0007549373646784652,0.013304286068053894,0.020484587195839676,-0.0067036938145321745,-5.330972404349321e-05,-0.011846889006570716,0.005214558509007761,0.004794476093018085,-0.0019504323222169218,0.006506606772907597,-0.007663316084865812,0.009432446203136102,-0.0015866883044142188,-0.006547922203866796,0.048026665364660825,0.005037000737982966,0.05093684325713599,0.01630673272616101,-0.0013602967003395472,-0.00418282854208496,0.015125233130117044
-0.001615409750835517,0.014529758364050238,0.005904145119703497,-0.004558350274856848,-0.015626459155166805,0.041475712539747134,0.027094497879532664,-0.006111862563179082,0.014981241220355157,-0.00953932605752783,0.0006275678269178631,-0.007176594280247972,0.0031155575072130404,-0.005347528422119829,0.011528048748620012,0.00997490321123995,0.006422556113758526,0.0065070833297593555,-0.0008520571576704494,-0.0012215425600968777,-0.014509440128926965,0.01241147943304921,-0.0007919055799566754,0.015891675457387455,0.009072574541298728,-0.009616789205564302,0.013308776094743013,0.0033425457406757175,0.00258395587143756,0.0022701905385456023,-0.013960663446253019,-0.0020176309630388634
0.02150781073126562,0.006355291952186759,0.0027437521794106967,0.011702491389360192,-0.004972696834180557,-0.013861413970229886,0.0005207025028615142,-0.007203723310202137,0.008924747670727928,0.0077518664154332395,-0.00019804441715209897,0.007038264573798969,0.02403303093410769,0.004654048411435907,-0.0076615014499541445,-0.000792193405437347,0.00755168092182279,0.007278814360892394,0.012450984458896697,0.019077930123551967,0.0058309261629183595,0.004061837167352866,0.007528937139031022,0.004216784241223737,0.0005762920419341011,-0.03447792210790823,0.001428822982763922,0.03442531867607834,0.012468702547842936,0.018346531365518448,0.015445477594222323,0.013063743306839681
0.027482269503546153,0.012895927056191248,-0.003567465970289785,-0.0012462952074071554,0.0032675739433216666,-0.013054283751313123,-0.009193513529056174,0.004424372942945398,-0.0043378290227905625,0.0030302788739389186,0.017002851356661353,-0.020589395661974375,0.12731088170811855,0.012220539324834911,-0.015634639641940673,0.010148518125528305,-0.010661868700577615,-0.0013913315258677894,-0.00185314274819659,-0.02256087691087416,-0.02898550724637683,0.002458723032214616,-0.005670582567199878,0.0014900287599102224,0.00011523906049126786,0.022737290888129813,-0.00888984071626564,0.04240478260645908,0.029807261553585818,-0.007784714954060079,0.012524489062302635,-0.021185225199584545
0.012076499923605155,0.003753003564581636,0.0006604415857132118,-0.0020799070681246645,0.0377910235199741,0.10855193390804074,-0.000875322208254592,0.010836013508845888,0.0010251085411949745,-0.036563560089040714,-0.0025646296682486636,0.007521767482822961,0.04432770048355161,0.004931723583757597,-0.045459009178487,0.011982592636802014,0.006188613594601655,0.01604561065183452,0.003375570505123049,-0.003683242981194379,-0.00014928561538007923,0.0011215852818395877,0.022838234836894955,-0.007979959450625351,-0.02369071471848283,0.012398471959088164,0.0065887578711969486,-0.006694132457076063,0.02010929587019361,0.013225818793767052,0.013085027918676051,0.008312469831907254
-0.008528017939495869,0.0007404000532316157,0.00319571659911122,0.014940393322526058,0.017630527335543267,-0.005760106475646731,-0.0012265246958615972,0.00357332918644393,-0.009557947635448594,0.019538506468306682,0.008820151196348602,0.0017228110020459653,0.017297476460189865,-0.006320900119404893,0.03173797132214684,-0.005377421504415669,-0.014952315604249367,-0.00145980166248183,-0.0006728558182286237,0.006531080605367556,0.02179428468473321,0.0112657525564821,0.00752367786334851,0.00940764483670864,-0.0036968523284105492,0.015934634758502098,-0.0014301590436361922,0.04458261166049726,-0.0027833912305149644,-0.002876134568725597,0.005560592012077592,0.007466097985071141
0.025007308866323186,-0.0006896678552089641,-0.008483316457788215,0.0037396135633376293,-0.03220108092818952,-0.02131186747301772,0.007719253366364365,0.007381659079116254,-0.003877262613805943,-0.0029180303201749025,-0.0008065557068394069,-0.0017198480289399853,0.005366259914379112,-0.0017780379396801216,-0.007167752339680922,-0.008161818045525071,0.008397061465561073,0.008948738898768793,0.0008415874932312661,-0.011018614776769131,-0.006720220671747823,0.0009110496013848834,-0.016680252451633626,0.0025662444702729825,0.0072237469211802185,-0.013994278950449912,-0.0011567306965534208,-0.0014887539569851116,0.021081333514108014,-0.006212606437618895,-0.010562276160114181,-0.0004631767373488582
-0.02633497626130865,-0.017571349690837956,-0.0035969923427364714,-0.009583317811036385,0.011947506871522906,0.036363662757851856,0.005745142304852013,-0.015948231584673178,0.009860706444701384,0.010994243570305429,-0.03241735269880697,0.006891244008184305,-0.04162169049060571,0.001899931745779293,0.009492224184288744,-0.01975988860179867,0.007579814845162902,-0.005997201646821715,-0.0011772835213378352,0.0018610611503555585,0.003235788021995978,-0.007799251984205502,-0.005213051397372381,0.0021556630400121346,-0.004350195247842192,-0.008993638983424534,0.006011089682960602,-0.03777339677696634,-0.025936209681068023,-0.0008930386560392911,-0.001596873149492417,-0.005757783205974865
-0.0027426512239072665,0.0008320289000585124,-0.0023482875737242948,-0.0054576885670345465,-0.023844866616549498,0.023663807355766675,-0.017483161957850935,8.762132443451698e-05,-0.0010278304557116424,-0.004459369440800609,0.01104547472312234,-0.0028516754446471504,0.028911134940994287,-0.011733114247797105,0.00831050585648252,0.008448303897762965,0.006569201080005804,-0.019520026102608168,-0.003367548554499833,0.008049554500048295,0.009676054405044265,0.00666166140730895,0.00041586609429078436,0.0009410803775731225,0.007715064643966096,0.00964248394706213,-0.012114782811081137,0.009813985297884686,0.013074040995156633,0.0033519752074946396,-0.005153527698525395,-0.007043367776465637
0.015161958918286533,0.01974471609260542,0.004707522805631692,0.003498084982888061,0.007936499303666578,-0.008967731371118393,0.0010571163256565264,0.0006131603270260744,0.0029152156517344707,0.009430221099043568,0.012112953914711788,-0.0020972681045879904,0.0031626903333890066,0.002038690029874113,-0.0005254350682584175,0.007847272956750473,-0.002526344271979175,0.006244083603059725,0.004054738712567119,0.008722347311589829,0.0042108451279498915,0.006099852823484575,-0.010892139312862259,-0.0006715829667300888,0.01566329636249475,0.008005293068410468,0.019144242386579968,-0.0025574404337588286,0.017467732473012143,0.00044533879735642046,0.009437502118424757,-0.011664531522514565
0.005823874123260797,-0.0017207007544441932,-0.004615465057217105,-0.01784356235144291,0.0009901773657092772,-0.0016086470358697147,0.0079197637185624,0.02267350282941627,-0.0011114381317451905,0.00770732731947299,-0.003782826300987807,0.001146395485346785,0.021644196349100753,0.009055760376110333,-0.015441264403887489,-0.004471833413970283,0.006331816326320627,0.0003597366395713397,0.0031970599092443486,-0.0023139987820471886,-0.0060729580118566995,-0.018785562770988973,-0.0007565260472699453,0.009340741358419224,0.016575742487272782,0.00638133498541249,-0.0019056586721750701,0.01846153059711786,0.00935277529309353,0.006233439221911885,0.005485812836215853,0.009250366974481006
-0.0014045205897774693,-0.002088517890988295,-0.004601918060837207,-0.0026175324004531486,0.013565659833369326,-0.0010071107798810264,-0.004714493543366838,0.003937666691352426,-0.003594668635020337,0.011202077707234803,0.0052375074623167706,-0.0064885567610204475,0.07892704892917846,-0.001897692626811276,0.019721022122704435,-0.003752002700990409,-0.024014319564814257,-0.004944514305208925,-0.00872192616501688,-0.0013427809180941441,-0.014547571007811566,-0.00450046220354694,-0.0034491768540081402,-0.004860103356368994,0.011236465303703369,0.0023813761736939387,0.0003272793094775128,-0.003524644422681633,0.0063465399895006325,-0.01659293186725619,-0.0016133253908083844,0.004266758264413806
0.0023441830549288944,-9.392165574628741e-05,-0.006246432471669783,-0.0014900664619215132,-0.04703037206826033,0.025604848726483498,-0.004210593634663806,-0.0044850497355077845,0.007988315189538353,-0.01734282639496665,0.003028404333816237,-0.006338864272604217,0.009515403538618239,0.0009110247302188679,0.013351359253871653,0.00556971688925012,0.0055872142018040805,-0.003975198280858128,0.0057529824123667694,-0.004767136062668986,-0.013138462027092124,-0.018346603588370702,-0.003376680136504606,0.006088221092966917,-0.047261574775222304,-0.0234525273973738,-0.00016358611638744858,0.0085900586980725,-0.005723139613147299,-0.000674989584762864,0.004759474675061881,-0.017623901578768475
0.04143704102388002,0.011049074047762453,-0.003409181673933448,0.0011581922271750589,-0.00843653441985781,0.010615312106658559,-0.05514439842597363,-0.008404100122088809,-0.0023860089997397305,-0.00761933912907653,-0.016330105053908084,-0.009472231028670786,0.015146651009160683,0.003126360701315667,0.00962302425705408,0.020572842463493002,-0.021797157876819462,0.0009523853682547045,-0.006729496099951882,0.0036846359433133635,0.00388933645721945,-0.00941445260355922,-0.011858325643193113,0.0013299342163906047,-0.00689519298249619,0.010155027825451635,-0.01699107185483406,-0.015105702751893157,0.008198074496664098,-0.009230067399255582,0.00026317274037856997,-0.00897006840547121
-0.005273180068884109,-0.005019568557828147,-0.002280635132742681,-0.021069249565678017,-0.012147746021049066,-0.011865407744837242,-0.00708564600747319,-0.022193039352211508,-0.007089745009648207,-0.006267685036020376,-0.006006722549589227,-0.007416093802823598,-0.007084607719297753,-0.0060360242624956095,0.004733810803648986,0.008735216988386307,-0.012561467208562882,-0.010013554533924052,-0.020494535157795646,-0.01896724215130252,-0.011473763454893593,-0.008474507007091847,-0.005228875288898149,-0.0023908038492959083,-0.0053561042934738845,-0.030690782179243925,0.0025730908098937633,-0.008691210681776584,0.013683582135502359,-0.013860474550421276,-0.0018708682631337625,-0.019880387319716752
-0.02828723458721094,-0.019166062430738817,0.017786389371132305,-0.005590893579925371,-0.026286959888741523,0.00787404590327423,0.025352096031293403,0.017871503302230307,-0.005075688355997809,-0.012456586954932791,-0.014377318115313398,0.013370050316071636,-0.019459535538353556,0.006072679100886935,-0.0012733882655995288,-0.013629860689666429,-0.006858420365658091,-0.0016019318720122966,-0.013660750390718235,0.021828614693393922,0.010551772931541636,0.004787116336067987,0.0036191138121557387,0.004526694833583589,-0.02445149460966689,0.008695642177313445,0.0023991962552072366,0.05621455321807778,0.003413511530163449,0.013594556802236868,0.010367864675155714,0.024406325150606367
0.0020909234977035673,-0.002185967232402608,0.0125978044092796,0.021917959098017636,0.014878840550493155,-0.002343729103450043,0.012820525434504182,0.02098147057160893,0.027929060689754204,-0.006226997772422305,-0.018258937397326758,0.004074439227155224,-0.0025357458944842426,0.008560769764698772,-0.0006693836550467624,0.0007272695566151732,-0.0014479464957498633,-0.009810210853745782,0.007187915154468927,0.012451224307370667,0.015363943395446888,0.017512730813738164,0.0027474859746745572,0.011133256137072278,0.018849348707959956,0.0003436629473043684,-0.0011131968393940372,-0.013671815700944112,0.022607126338281214,0.0056830841609252225,0.0005797594729575195,0.01271733627029814
0.000103315338051857,-0.00026908254828739153,-0.004435815047568736,0.006776603329351705,0.023981028641766322,-0.0037197031048408213,0.00434003347294265,0.00765261707905851,-0.0018505609912196075,0.00473967579781065,-0.007720814962346223,-0.0017391236881597605,-0.00127109612402021,0.005710931613161829,0.006251635741115091,0.0049834235719934394,0.0042386891445374,-0.017546265213577827,-0.011140076444097535,0.002411344855981712,-0.011605713516514293,-0.005035094703160881,-0.0005137217066822908,0.012649044170498724,-0.0016855212348118043,0.053195120786261985,-0.010197268263632986,0.0024752096619857777,-0.0008014732678834902,-0.003616651943323168,-0.0046352992312563845,-0.00031792175826073077
-0.021184684261735476,-0.026660070497802724,-0.014585082355925594,-0.022769674721750288,-0.02755230555235222,0.06111221551683044,-0.015664437664098196,-0.022868847592316777,-0.018119020967018562,0.00647636358382897,-0.01715261521712308,0.002710008265364605,-0.02750268892164287,-0.027614629296547233,0.02687965283303928,-0.027582703658719843,-0.014995009823591143,-0.018849252501996205,-0.004928731756705496,-0.04799131456652761,-0.026456581622956388,-0.03124460806038276,-0.00788148523843235,-0.029965696550003695,-0.008803614853581387,-0.023269710441296665,-0.011878627215844428,-0.024691358024691357,-0.028466004947848567,-0.0077132706093165915,-0.002503034422119077,-0.044681150991651486
0.016267379874351784,0.023164261093656213,-0.0034264765030600497,0.027482878923037246,-0.006880853287877464,-0.029629601372612835,0.01993780363751929,0.002969140961905925,0.0032615340642936363,0.017079739980005337,0.044087115710277125,-0.0027026839694686,0.04552183638689544,0.0011600361352914756,0.007902152106554095,0.032508289358068154,-0.014997772361993067,-0.002641578377708287,-0.03343357205833741,0.012002488059732697,-0.007022886785842064,0.029235585918139684,0.023227722114796068,0.022684817791667644,0.010504101313851155,-0.03119950334743793,0.00404507428096923,-0.004050629048407806,0.06006422385315302,-0.005944274713419295,-0.004347510679112321,0.016311576437565645
-0.015302240010430346,-0.025062618742939913,-0.019247103253088205,-0.01721243927210947,-0.012838092107927856,0.025381640794429616,-0.01649923751954374,-0.017239841130561206,-0.013773657223561275,-0.017652140138552652,-0.03969804935961829,-0.0269066761127974,-0.017307095325567068,-0.017355001973246242,-0.014945391425359555,-0.010340619997601053,-0.01614190798861015,-0.026100347073884866,-0.01848460143575137,-0.03383269832830538,-0.020602708083111154,-0.025204718714078478,-0.011814358868176389,-0.016505796367945247,-0.021351770934444403,-0.007325637532900053,-0.035124567845852495,-0.02440262025290063,-0.0010138824597435425,-0.01931919967301199,-0.015099180093194775,-0.028660333453013775
-0.01806353919979864,-0.0058545795818698565,-0.006107927378995681,0.00027017938463758107,-0.018630337672261854,0.01768101193063787,0.003464583545722544,-0.0068220453063138065,0.0054650022999309655,0.007712493523613029,-0.11741996230496399,-0.009946319427132977,-0.023626861711332325,-0.0017171439789605003,-0.005969433923463052,-0.00317097585816295,0.010821479113948707,-0.013943864950666685,0.024613086745158608,-0.011112554815016495,-0.018524337379008382,-0.004731281626859762,-0.0015371503631192995,0.006301861321857505,-0.014148609744324081,-0.011547211945572622,0.004057883254824368,0.02032305256877298,0.020122149272961742,0.008208273613740324,-0.014700569389218154,-0.016186189123951755
-0.0018468003598886007,0.015241678401654468,0.0148727139559659,0.003780869562101774,0.04275341537366306,-0.029992673381408208,0.020352582294629773,0.027118652603988602,0.008282299267949433,0.012939965721208813,0.03856863700608848,0.019288782621471157,0.007971268334351578,0.018920511567509735,-0.01144751519682885,0.009491068921332557,0.011166047225869669,0.02296661254191057,0.008371198924345347,0.04690976119885071,0.020633411805536017,0.02057012586557616,-0.00017102842438920796,0.01793012812298067,0.021257126433403606,0.026555402181661636,-0.0027528918904980992,0.01481107848096741,-0.04615523156686774,0.005117457335002795,0.006424655213732144,0.03479010534840854
-0.013839128538398637,-0.008735821546486333,-0.005947915310083762,0.01068448145791323,-0.009934873309876857,0.02319003621804705,0.001424709553467407,-0.0063400706219275405,0.01694182109406306,0.01472195650255137,-0.011026051869131526,0.013601340431220077,-0.002937379404883922,0.0021302201478936578,-0.009871564348744366,-0.0010331488085052465,0.01753187716073734,-0.002450980392156854,0.016423050343098655,-0.020594127175679544,-0.016455148552892984,-0.020982666971231412,0.016595336070908795,0.0015542672607544716,0.008431801727978527,-0.003935928947066736,0.01368496362168714,-0.036738873616128265,-7.563842576274737e-05,0.01643132333990205,0.009923452610687056,-0.03146739801702714
0.011086255399875178,0.00895310510352676,0.014237870134133024,0.024014016405812688,0.03239601219583843,-0.051409635010021715,0.012982388570060843,0.01564542635117183,0.021034941293629927,0.016887949363422416,0.001664573643502365,-0.006806605373657182,-0.006005311832654847,0.025909402830131212,-0.019300803297501168,0.006360511410083314,0.02248832392267719,0.013513513513513598,0.009055396902312607,0.02421309412924555,-0.0038240578423850424,0.0014071403580246944,0.00900376436546213,0.01222030302532029,-0.01858062756968548,0.015090009429283846,0.026710705766087806,0.004179724464845824,0.009206854469445469,0.011612056142598526,0.0184236360248764,0.017441868429342033
0.027986449842105632,0.029486131736091714,0.012758533924206006,0.010041133167834948,0.0231399378867585,0.004662037307709976,0.019662967142159316,0.014802076298412015,0.0013184914744941434,-0.00037752686382219736,0.03184537288647338,-0.005482708042149231,0.0471359613354716,0.016107003730078784,0.021016580148995434,0.02271208136829017,-0.010723204512268492,0.0043636067708334725,0.005278901511786449,0.011695841481748515,0.006078072062266626,0.02701011528204722,0.01392709630508504,0.017566246502848104,0.01094786866174946,0.019265968541360978,-0.0036681371765160398,0.03850155034105529,0.05780753704269781,0.0013504994564048634,-0.002323738225673333,0.01815129127823001
-3.693336389631874e-05,0.0046204590526215394,-0.004386426622611017,0.008886825183656688,0.007812173477947493,-0.006187155593030513,-0.0182506997164138,0.004494562309418804,0.0029627629632933417,-0.00037755380748849543,-0.002546884529956994,-0.005906600819867158,-0.005932921460093055,-0.0012697360055167195,0.0156694362620462,-0.013264329024972321,-0.005751683429971677,-0.012068549715957388,0.00822682785017359,-0.0013528546753711623,-0.006995269169035256,0.0031924624244938915,0.011844010448467612,0.0008788733803015703,-0.024549113135318157,-0.0007748787806473034,-0.0028887553486787176,-0.00751501129310983,0.011159085069886832,0.0006742953390863615,0.005631314883142613,-0.013535877925661133
-0.011279644190371751,-0.0041318430495544956,0.002819638338949604,0.009512481576588572,0.01148377354611263,0.013229577528969694,0.009294956280623268,-0.0026171174890720073,0.01870846179093566,0.0012087441866275306,-0.007472457859705739,-0.0065360491643883245,-0.00202601087490506,0.010632598460577514,0.0032048634169363766,-0.01522483579844458,-0.004338609963773332,0.006596658410839895,-0.0010416665970753858,-0.006650163872259918,-0.005123274087651564,-0.0051739098321264,0.004470842682215315,-0.011791293716879592,-0.008514225763585848,0.002381884957372682,-0.0005680007301751555,-0.012115082159935175,-0.02050329781019511,0.001572295599607143,0.00738835355476386,-0.002342694002352319
-0.011247547674222313,0.0038418032903084764,0.013039582862060195,0.010373539225325912,0.00950846545550621,0.013440801144995351,0.029539520879071413,0.0016928808978791121,0.010632290925329357,0.01388360290136581,0.006469398485528188,0.0005981094630369554,0.00888845838254304,0.010025176944140402,-0.005606399158939568,0.013443672107390281,0.006033522912749945,0.01849513377958112,-0.02050742710578113,0.0018595820688616094,-0.02301255743838959,0.006615263025671059,0.0042081139787215616,0.00964719450996343,0.0026098464537769317,-0.009836446869020077,0.006593177481031942,0.09606546231129731,0.009393886307973665,0.011213314200807956,0.003725258313619584,-0.0038577582414770495
-0.015356041602236248,-0.013253711824239067,0.006175619163339974,-0.00018818630329164865,-0.011152716457798806,0.045850739666781104,-0.010801666700882784,-0.020787554171023848,0.00828884029592225,0.011833114532906697,-0.0010148818362994971,0.001793178904979209,-0.0030454510752848662,-0.0070951612414665854,0.0032128287695865065,-0.014081604626713817,0.018103065781248873,-0.0027644146504158806,0.04772885754399803,-0.017695834035125646,-0.00873000802651025,-0.00810670610241404,-0.012168543407192312,0.016598229229462413,-0.016835983836368973,-0.019365981682017086,-0.014229272646032465,-0.047552467202052195,-0.029732642932401743,0.005987990390933229,0.0019426551283652227,-0.02340460353482865
-0.0028071473770370226,-0.01181973788888746,0.017309709474265578,0.002760649111560376,-0.004928483195266398,0.006159422968996742,-0.014332025642627255,0.0029341040329990964,0.006165509935369462,-0.022212406254473405,-0.03826765899317708,0.007358821863668652,-0.007309685485173412,-0.0021665868415866596,-0.03393926842924744,-0.0153694945988202,0.0027271094521037487,-0.012187559641679724,0.007789964345686906,0.017762707368305763,0.00764372020837456,-0.016651013130015047,0.009626368800370377,-0.01458906181277786,0.004740148691254387,-0.008166907019259706,0.0008019211145611216,-0.01860014989911496,-0.006232825015100918,0.0008819023170398843,0.0002605320753843454,0.011379307714001863
0.024977591644686603,0.016541367565110265,-0.001525309998621105,0.031118370028028197,0.011096303831142018,0.05869640381337837,0.03738964964132685,-0.005678916324015626,0.023096802753983958,0.019708044498944588,0.017410744828793234,-0.001974385204588369,0.04011431598606818,0.00761846748323558,0.023659391149492448,0.0166605250316072,0.008812100011189372,0.01490227375751041,0.018484330667083215,0.010025962983224446,-0.006596268390627991,0.013885467534651363,-0.005252113079017406,0.0241290363141502,0.005822828647974676,-0.013226164059376155,0.006066835801213033,0.006982608594731987,0.02664856966239837,0.012334725857776174,-0.003529687446472418,-0.0015342678626321105
-0.02564120984943974,-0.01716788039655326,0.018976261491876478,-0.003074597508469834,0.00970278169790495,0.041666680182459226,0.0063407843781797535,0.009345810435025914,0.01190207430977197,0.003909708461719674,-0.026611341333420024,0.04352133526974633,-0.05880180132392243,0.003893841002857501,0.011143466655497924,-0.026881704314583366,0.017793575905555414,-0.0007150738959400549,0.025738261339942836,0.028063737234671704,0.013778187138631992,0.007257560681753095,0.02290634132762004,0.004244601696413941,-0.05015844252410884,0.012647565912269787,0.01439298439450698,0.007924707438328848,-0.03732911954920237,0.0302436785327449,0.0012193917129741383,0.01041489864316092
0.00678925816500775,-0.014053570239617286,-0.021687741860971332,-0.011646289828703749,-0.01161538597327405,-0.028897966657366103,0.0024870701302242004,-0.02606310812272805,-0.01707395856890037,0.0074950666366917496,-0.0007506417709840507,0.00796202957431924,-0.00757783267458878,-0.014498119988388236,-0.015950231190284825,-0.010306005019091069,-0.009853842588920747,-0.02118220709163532,-0.009811702973605119,-0.01120517878466265,-0.025053197755731227,-0.008659302885849263,0.01167316141618957,-0.012679983609303225,-0.006539733199956488,-0.003617738069541243,-0.019965215676837844,-0.028501224217872267,-0.0031433176835736765,0.01900742306442016,-0.0020298738455131193,-0.03497802778218606
-0.017283520179806833,-0.0028115757834689115,-0.01379152169189135,-0.0069592383085071985,-0.014819706047227488,0.02589107140852942,-0.0016539333053616767,0.0004401677150480676,0.010267928078798283,-0.01553496749741845,-0.0226148979067351,-0.0015045455486079051,-0.0007353217226723219,0.00011463040847381478,0.0028078121426839964,-0.01105742096000617,-0.0063134945079972304,-0.02592967837845872,0.002599048319995134,-0.027365843599521766,-0.021162279423174613,-0.017820231800908193,-0.0026687909200383553,0.0013029328912406157,-0.01844966710953655,-0.024118940020945723,-0.012074395481267874,-0.01770361018541511,-0.012089552769731227,-0.002901576999726374,-0.019526939427744416,-0.0252145408162584
0.019978575465737336,0.012773700571367064,0.012534115073435714,0.007194055340197458,0.03180990330033251,-0.03392329857907839,0.01110002918567643,0.01601407541037103,-0.006953965280008911,0.0021485073608413785,0.021601052517552066,-0.005839198856506744,0.01647140823155846,0.010163158791325344,-0.0011772286894012884,0.011560950719263996,0.00193840298945136,0.009106790141837795,-0.004374594581248559,0.031110586598119383,0.01887443911905362,0.015134479847528137,0.015032297330468403,-0.003717740292364824,0.004014803928147792,0.032923921223525277,0.0016218650387325173,0.00978375557730038,0.03326373459475862,-0.007067077555860668,0.009928206545623208,0.02604635909164288
0.003638105947175063,0.018918971305111,0.0039899518029558045,0.014203348759469048,0.011978836347684485,0.010178091032329473,0.008192681940173863,0.005715735911817843,0.016160042937793495,0.027500550153635395,0.0009899029775453094,-0.00018944871593995494,0.01002340479677244,0.002080213935840458,0.01834861046637637,0.0030047624256341887,0.01220179469888838,0.0008429522015611646,0.010577683694362072,0.014304541135815807,0.0037049074107204927,0.0007355417499177452,0.0060479085982334535,0.00914236757313125,-0.010587548296038252,-0.008032982841781777,-0.0016192388518493361,0.027026963936814585,0.011931373492494624,0.0002133202677043755,0.0069549130239592305,0.003851562059121738
0.0001842077898126515,0.001316823256102273,0.0002716842881378412,0.0025296986372977948,-0.006147970065163433,-0.014105796193950582,0.012189160991142645,0.0024111462612057544,0.007875752321909069,0.001223113832765188,0.001344922206433008,-0.001705507842175602,0.007498073512735237,0.0038122207153235,0.0034722351578879707,0.002514316798366112,0.00021522594207534773,0.01674596187147248,-0.0008051322736337685,0.008888362460448107,0.010234909831691397,0.0026109714770414794,0.006782311235549177,-0.003143069913110641,0.015017860435272867,0.006397693146615424,0.013496303517679387,0.005461798097575743,0.010850380946561433,-0.003839596865926831,0.011307262923589967,0.007499133310629569
-0.00817807593186548,0.0062626131230072435,0.007402707275803833,0.008316837733816307,0.004662587888429215,0.008346136707680252,0.01830446353284154,0.02044495471648755,0.009918208948930474,0.01652773704917565,0.020383931483612505,0.0,0.019645377202447856,0.008610558083227637,0.020636522922520717,0.023692649872010252,0.0065640870369994,0.005896069817175498,0.0038678481894391936,0.008105279732973925,0.007307796845984704,0.009464750279908118,0.007578582235093112,0.02559505032240139,0.013981320634728345,0.004381212755243169,0.009887384782931274,0.027160456151138046,0.035321809517054215,0.0019271980967356939,0.009394299662364824,0.011943891660749495
0.005843737016006267,-0.010914222241605764,0.005460596096214854,0.006886891774587234,0.0019298725337595357,-0.020101392332265267,0.0017344737163733637,-0.001936218159448777,-0.00014888348284580744,-0.006998488223492694,-0.011033646842487976,0.000759306617700517,-0.008103872119343714,-0.0013420271572779363,-0.01212542338577105,-0.0038573303195424957,0.0034209930691917467,0.0030034897930280025,0.0009632363952125633,-0.0037287310179694444,-0.0004946841424453563,-0.0008129464366344319,0.007673680315257059,-0.0006028458851261576,0.0036144468386118955,-0.002794003526474964,0.005319764898929824,-0.001923029309897184,-0.01009130298832639,0.01260953496566608,0.009906364145243485,0.004105399969644319
-0.008554957319630296,0.00038584581837830534,0.0039223000323191926,0.0052491035074644365,0.0005503100917592096,-0.007412454799518575,0.0067684207849667555,-0.005145079478009351,0.007217794248410181,0.005125641999741637,-0.0035623553453937307,-0.006828501347971416,0.007466667943598848,0.0022770842931310042,0.010364061108419698,-0.0015175747548892282,0.004687858923343224,0.002318259939455558,-0.0009623094637136731,-0.006315800181606379,-0.0013196637704878666,-0.013126246474316261,0.005428645059157633,0.011399960589820068,0.013383106388446864,-0.011607626618689082,0.004334633388350495,-0.009633948012255367,0.014872259149776301,0.00042212868959023986,0.0014699336075529867,0.0013628281996196367
-0.0032890251502314394,-0.003426529137787626,0.001736524230576686,-0.0022746032814333628,-0.0013750884827229415,0.014241050169296221,-0.005315772713430644,-0.004408619385506185,0.004211007801275812,-0.0013456963582797465,0.0031036715870178533,-0.0021008730202793924,-0.018635882264099624,-0.004767398509640919,0.005787294770493556,-0.007337109765721106,-0.0004241878497645013,-0.002023794976223847,0.003692385589113778,-0.005649667287093818,-0.0018169905630667227,0.004440969960654462,0.004199456565146642,0.001729535768066448,0.017506166748064267,-0.007630722610305729,-0.004315925433863277,-0.004377439441911379,-0.011585803797944605,-0.0031645890516904807,-0.001947673985389753,-0.004763504340110747
-0.011429310151015226,-0.009061475144276687,-0.0032669209628530815,-0.004539734077263047,-0.005324222836175174,0.011130097503398328,-0.003929637219809878,-0.0006812725099785144,-0.003899139122526929,-0.0018439206276823494,-0.004699788272575223,-0.005550258593860602,0.0007661543967703022,0.003218501914757921,0.0016440117603282456,-0.00496279194990723,0.007850603087192987,0.006759663426964435,-0.0027191091942969647,-0.004498163680308531,-0.0006619380328535263,0.001969869302367977,-0.0018669254959533532,0.0023218395357156307,-0.0020266535004150876,0.002514445727596959,-5.6262704741461e-05,0.014655649949800731,0.0011415467886763953,0.0029629500454695368,0.005175680636182456,0.0008546878130009095
0.02211831968425737,0.002730138721725117,0.005986650651912617,0.00027877509613993823,0.02178019387976904,-0.04064348420305097,-0.0033138257202698362,0.016276128563653902,0.00014779491804106648,-0.012079161642794656,0.0052335489926425005,0.00923786413501837,0.018264404691099356,0.0019024106916596395,-0.040272330952601854,0.011301559234979663,0.0076842458624588605,-0.00820100474858576,-0.007538070226372318,0.019738450561567866,0.04487496459450502,-0.004183250797388238,0.017806296265261423,-0.020551239613469385,0.002203571126236259,0.02105622909587379,0.0006192681828958158,0.048146363888317056,0.00877424368265145,0.012238907755322215,-0.0029543859197197486,0.03159696520794064
-0.01691567564167784,-0.004535570397853461,0.025732205241182582,-0.02265669529041492,0.004651646444274071,-0.037422818878717234,-0.02452621266241317,0.018195523478747866,-0.0019199115456312033,-0.02351825096141591,-0.028301929054696418,0.01964157430610136,0.00547762728583745,-0.0002605436374232273,-0.026919178290845558,0.0010493018984143454,0.006372014619937305,0.010638282958301382,0.004040097879730586,0.04897384379224312,0.00776547845191744,0.006021508946708609,0.014554624257909099,-0.02365066125431503,0.009571033627555847,0.060495341691244375,0.014009171584450808,0.11667427444967693,-0.018553774935875955,0.022097092591614853,0.021531790264757822,0.03228471687052337
-0.018893055818083537,-0.04682983111591976,0.004505281995063948,-0.0024648430843802194,-0.011058197606868325,0.020172424600089833,-0.01583675462372436,0.0065058133372470905,0.00525295561450978,-0.004492954361386858,-0.08282640258013252,0.010286085034245218,-0.003898925087844063,-0.0049160451238705605,-0.006379033751093499,-0.0208595160580759,-0.004048156575391482,0.009856447648773692,0.00048279652594618305,-0.007225450561293978,-0.011637076217819287,-0.02774683498481345,0.0014490431970091144,-0.02080749132618398,-0.02267582354748432,0.0020468615652364797,-0.004105810641496399,-0.02673795280994984,-0.028356745001975048,-0.007954301435004751,-0.010635585761486932,-0.01090617998103105
-0.006710944825601417,-0.0007446409924999342,0.010647869288822998,-0.04092386702814055,-0.001136363636363602,-0.014200986884038369,0.010617110195898727,0.00850925302847405,-0.004710353859773697,-0.00014795996516026033,0.006500618172978756,-0.004813029326203755,-0.0029490780255110316,0.009356637513217692,-0.004520060335443499,-0.0003212333531206202,0.015216328924478661,-0.0011370711510992892,-0.002271979748055375,0.01601164868734406,0.03277653521084023,0.004171446249202626,-0.02083638299361501,-0.006850533549495497,0.010880037955620647,0.011584458271752585,-0.008301328472692049,0.033812309476749514,0.01459934898538684,0.011718743872877635,-0.0003909494686734627,0.03745745811379386
-0.0042877968273413725,-0.0039730469291485715,0.02094373773394942,-0.02352813358154604,-0.012696215181491777,0.016046700686847215,0.0034471914885410015,0.014359862180678418,-0.002588180195348233,0.0031078456900452966,-0.0036657052597179884,0.021084389478587928,-0.02979291947864271,-0.009751955426615999,-0.027145300195775546,-0.03919464703754738,0.017759939046301465,0.02338484254105655,0.02195839783458231,0.011020498385963418,0.013403097644490769,-0.003595764037833904,-0.0037682467905694184,-0.018138924850394256,-0.0024638310316865697,0.006084622792146055,0.010955039035068559,-0.000817602255256622,-0.04647318939072931,0.011379828971948003,0.005977694548708001,0.01594248929449149
-0.006570157273454225,0.011455788522007904,-0.0026580965249870525,0.013955503295479232,-0.02299965587549513,0.009332384177523245,0.011287397589608172,0.00063986108802494,0.01119513363795721,-0.002213076626083832,0.005781644861522217,-0.006821584349782972,-0.004046399709050186,-0.009922841012169559,0.024892566095010338,0.019616608473967956,0.011498884372269425,-0.01061410561359355,0.03612918314359215,-0.0009809934596276548,0.003800547349336325,-0.021215542673647225,0.0014833267486920043,-0.004618431502050324,-0.014559323286784664,0.003195540669700625,-0.014114994883069554,-0.024140758580005528,-0.00747060342175887,0.015471176425186473,0.008635489601449553,0.004461552546574543
0.02400208694079864,0.010416859364294373,0.002727856072388679,0.008602150537634357,0.011369550635611292,0.008001367973188955,0.008896784855639384,0.022859888069690637,0.004252567778442851,0.0032530525032599122,0.022688635388641742,-0.0051976756051344,0.03183438030868824,-0.008660824148878588,0.007589967337338965,0.00918229456784303,0.007080166465052162,0.013351404268185929,0.0058372487207285495,0.02465905181237038,0.01635622975951523,0.017003658517068088,-0.015996472499713588,-0.00019604482067236972,0.0005716510590942914,0.0018164651924779118,0.008849512614969912,0.02096436025168691,0.013427936955787256,-0.020973513139873168,0.002450143560736473,0.0056670660345179424
-0.0009373670085642827,0.011644923721695566,0.0018449871106647198,0.010063968487640018,0.006203945334275485,-0.0007055406914620033,-0.004008337410315366,-0.005001167332527201,0.00233614984496211,-0.01459098799285985,0.012732096490335465,-0.002612416295014297,0.005501641348653052,-0.004577986081972241,0.003438962292353631,0.0075281596308669485,0.00445593214333706,0.008968621253304665,-0.010079468971797012,0.009690086223284933,0.002533127215008424,-0.003467745731631222,0.00541883982209912,0.0016340936729437594,-0.013535494571512374,-0.011299403313364764,0.0024583889368063883,0.004928087474531662,0.019473841629908062,0.0002021450348221876,-0.00779927154726634,0.010204053176621208
-0.02416963744804934,-0.017769345294008754,0.0027154251924552675,-0.01327790367456183,-0.003291487143704863,-0.01959400848108528,-0.009980665527129173,-0.004162402981821134,-0.017368159639197245,-0.02701693135846628,-0.038683079836065004,0.0013096294448091683,-0.013571498788472414,0.0018779327347793195,-0.046772037539867695,-0.010105923212109902,0.006506269882003313,0.0054066101983103465,-0.003394033041328348,-0.015186695275689499,0.0074316291479163965,-0.019805412380198062,0.008758127112946656,-0.0005873896727555117,0.006058718772912419,0.011003361191860517,0.008917657562391712,0.022476549237540056,0.0006556886033175502,0.016568997110804284,0.010739011939949972,0.0066334207728864225
0.005731506041917855,0.0047113377784751,0.008933558581665002,0.002695611718050328,-0.0015348922374636143,-0.01062297700508219,-0.0022764128398119476,0.01703472878646317,0.017600290364964133,-0.011492404971223058,0.011372045616056425,-0.004484336255867416,0.026102577996027776,-0.014154057439262235,0.004314363356584527,0.015530821097714753,0.012536716928759795,-0.008111921062344818,0.00510838759828891,0.02302421920236486,-0.012540550153871122,-0.021876992473353285,-0.004081239354316368,-0.0026770383262139097,-0.01961656068127038,-0.0021820159780242543,-0.012595286297005681,0.006794567273526786,0.06268472205928877,0.009938381760121517,0.020373521525347327,0.009585248632919097
