AAPL,TSLA,FB,JPM,HD,BAC,XOM,AVGO,PEP,TMO,CMCSA,ACN,INTC,PYPL,MRK,T,LOW,NEE,AMD,INTU,MS,AMAT,CVS,GS,BA,SBUX,GE,ISRG,ANTM,MU,NOW,ADP,PNC,ADI,SYK,TJX
0.0014738450853266638,0.032571047129391406,0.0032279068826102097,-0.007843508641660724,0.017837692693487783,-0.005521345550714152,-0.018167548764429386,0.0093444944242278,-0.013204414391292718,0.004639974946958336,-0.01242919848416757,0.0038172433896577207,0.011377991214645222,-0.05863902886153216,0.0012335001307222093,-0.0057891985434618265,0.01071066004698551,-0.001310832130481665,0.025259923161986997,0.01370652061686739,-0.0037751524511817625,-0.004776781976377431,0.009413143905741661,-0.0007355829686820359,-0.008465568055491368,0.005094017174541943,-0.02688683438463846,-0.0005002440148992315,0.014998267595917492,0.005419771032965093,0.007678703317213431,0.00779160760690889,-0.0003290052641563568,0.010682843668728292,0.009789471378380599,0.01284056351269669
-0.005284887289404905,0.017539141695504856,-0.05051485692229851,0.013451258285966494,0.0037573144803388914,0.01580180855188562,0.0068591413921590405,0.002450512613691558,0.0049630380235474725,0.005835002730280703,0.003516639238635433,0.01921531174705371,-0.11678573665203318,-0.011553853623665788,-0.0002464150734292625,-0.010481401535308965,0.005936166503199614,0.007278426845967578,0.004106241986514547,0.02152673017142237,0.015157603112892826,0.019423950084400454,0.007598470027290638,0.016511692900320618,-0.0063916914276132,0.0009612010486974576,0.008725187106041865,0.00556483262281704,0.006807453486809445,-0.016462747017981116,0.0004516676085672966,0.014158624565058453,0.015747682789647888,-0.0021811272783965885,-0.002568298704926697,-0.008039533522712472
-0.0003362675555147465,0.12661594583056024,0.012568982082991065,-0.004889955449594474,0.01439937572032668,-0.0012612751699051516,0.019486675684390997,0.012921889102124995,-0.004688466150480575,-0.006879546228726774,-0.0025820493025129343,0.007490262269877146,-0.0010108651696449922,0.02695512125977162,0.006284706038448551,0.005884663586539718,0.01333217964621558,-0.0015398991277112417,0.021198472058058693,0.01990527532771047,0.0010805616475548785,-0.0012506252845332355,0.0018281514820690514,0.0010378989731931743,-0.00046957835818384197,0.0013967376366712525,0.012013479121078419,0.006061160080840455,0.0028153184964554434,0.018515832685276568,0.0032038900366344603,0.001469615131735491,0.002221425350692696,0.011770025509262316,-0.009719751277164068,0.017144597012602514
0.004574859348776439,-0.006274020615192222,-0.039185873580406816,0.0026910086797085064,-0.005548667136263896,0.009471630973078016,0.023154571395855195,0.022602293432366638,0.012247260001443383,0.0009708270636805683,-0.005917247009229132,-0.00028052409936352163,-0.022869867200577043,-0.01571615686193073,0.007225012378863971,-0.010530380898035707,-0.003235239130663148,0.013999291957646154,0.004658382575849718,0.01004046792912816,0.015307602782833385,-0.027695796879102064,0.007299261772049759,0.006895681951241794,-0.014374959500089268,0.0018307071177214862,0.020322835531865202,0.014872423305698934,0.003865943534660854,0.0026178196565733725,-0.017623508809672228,0.0033474838346920777,-0.002262625535509155,-0.003545313068631706,0.00047611230602950805,0.001072643335354062
-0.00314759903086248,0.019078378303384103,-0.01136758293164708,-0.020828430029178002,0.008450697445028243,-0.01918255475734809,-0.025972010512792187,-0.02015480258022706,-0.00347460840360736,0.006493003334727909,-0.024553561241534183,-0.006426474205878163,-0.008077870898230866,-0.033168714232896135,-0.008632169264904066,-0.012219202956916253,0.0030293572169612926,-0.005381982502975613,-0.005287574426627084,0.007426779156383345,-0.015463409288469454,0.001212137211292541,-0.002604228860538904,-0.015852153722386686,-0.015251880203413393,-0.012269400341709424,-0.033414010576788056,0.0008029789776164975,-0.005868271815662185,-0.010153791954338742,-0.017658985117726123,0.014396704649350722,-0.014624917599872056,-0.05236819329209452,-0.01713155031676805,-0.011786434048963845
0.024991535618466454,0.03775080864849589,0.015053526963856756,0.015074765138766377,-0.0020144144004743403,0.015731264177384574,0.002806787579169301,0.012349351045236823,0.006288517131563198,0.01270637538615449,-0.01029746184306446,0.00641152278311119,0.0039674747918085895,0.00804460445223576,0.061442298691935404,0.019553015141503094,-4.3198669956501234e-05,0.016586230713355077,-0.009159266669678146,0.003718603972763024,0.013146207918613317,0.029206987630792547,0.006016676381001451,0.009318990315693831,0.0060016721818927365,-0.0027311129857506833,0.01357728674707559,0.018998149339545245,-0.0007379080669717153,0.019636642097267343,0.034508698032985174,0.0044604882899494935,0.0006575264437473916,0.011732966903511999,-0.0002233452029153371,0.009913258101983624
-0.018155584151688386,0.03431623672010509,0.020983193281356893,-0.002758918594736537,0.00045746725608197814,0.0,0.002488019328498181,0.003965399750038401,-0.00012365938635094942,0.020965446259814557,-0.009055830673398324,0.006932000057360277,0.019134701729829562,-0.017903160327586765,0.017330996312491465,-0.01135025925876576,0.00888860939918179,-0.01261277749786427,-0.0076758028810346435,0.017191820029122784,0.0027316954077742928,0.0046315434174610814,0.007447476796903718,-0.0035436985900790807,-0.003945187876541745,-0.06298579741442334,-0.003705085012088327,0.015522678660985223,0.004084406933704043,-0.006898582776352469,0.014628467907552123,0.006952549622250226,-0.009481344828211835,0.005972352424214344,-0.008828779397683562,0.004447914765409289
-0.005607475110134819,0.08491020271123206,0.01981025285723259,-0.0005297459153184025,-0.014149610852522088,0.0014650336138652964,0.01799277262046095,-0.00680872489114448,-0.002104085599229033,0.0032064868545613745,0.01613832930358372,-0.009671401242441369,0.01122445251955373,-0.005632217976781373,-0.002385057453669681,0.004354780057566732,-0.008852987079447483,0.0030469536929136343,0.04158695716872107,-0.02744455541100943,0.011870025639160398,0.020929395292124786,0.015344986418689643,0.008104545572621857,0.036468159669007516,0.03516548800638697,0.012968438626260737,-0.01689144081366234,-0.014639284263210595,0.023154754792770404,-0.022615267536148176,-0.010468172967704414,-0.001848081828043635,0.008646038448556714,0.008757011082501043,0.01771263984493876
0.0071160121197995085,-0.03027492106926244,-0.005757998517495699,0.003945864774758556,0.002210152453025138,0.000626987372536858,-0.012341868339266981,0.017081794979142195,0.009177796406729222,0.0017320928461757035,0.007271416200458347,0.017392808656629954,0.006256352460620951,-0.007869215129002294,0.013433478630115125,-0.005518367043859995,0.005523168804645984,-0.0019862146816577164,0.019164687631955335,0.015735644938922988,0.006346189058743956,0.0121856551658861,0.005515755924161869,0.017158605692942697,-0.008435071037136255,0.015027231837614119,0.004330199880703933,0.015040972188973267,-0.019964563401376867,0.0008487704333621782,0.006759797235617038,0.013640001305408544,-0.002563536262532695,0.01685805839227439,0.01583457634383345,0.0100525653620116
0.00979874168095507,0.03571671105082119,0.010790077693880074,0.0003519023029880941,0.004574083906706772,0.010233896593253577,-0.013730315312843744,0.009868330759208233,0.009585847041975626,0.00969815072136293,0.005889040125203193,0.0016597544088232663,0.010629778371466836,0.004009405308231129,-0.0038193091709360916,-0.0019817430035994343,0.005449931574475597,-0.002107241540172944,0.02272194302504582,0.00724459886325568,-0.01958726332913352,0.01090565700787649,0.0569390244364234,-0.014037977366216925,0.0028669483390639794,0.01040827260735222,-0.006748503668593919,0.003107903355892061,0.010542608175584833,0.006924721447693738,0.0015729270925091132,0.0025758889362563764,0.012374983650535354,0.0048330973425882995,-0.0028975596355724775,0.016488335379758023
-0.003498634852532101,0.013222323020621207,0.012755596913971656,-0.013135524831845324,0.008699890005591016,-0.021500864518236407,0.007508303084317269,0.011523485433888148,6.077439860696643e-05,-0.004062981150634304,-0.004154897425698301,0.012979725315855228,0.005355532500242122,-0.009375829569966854,0.02097431108711767,-0.015091447309082295,0.014852773829803878,-0.005631147056843089,0.05339769620689383,0.0045114089024245185,-0.027482698353475388,0.051698857849419966,-0.01920282259852657,-0.023522334905463183,-0.0016402947582078165,-0.003996013240570084,-0.007171871632375426,0.005062428114972928,-0.004757117262035981,0.013894729440119269,0.0204458503468381,0.0019490691952153139,-0.023460239417521622,0.01079419422062311,-0.006621033370093676,0.019143700291744947
0.0035822825159530503,-0.006358244214659803,0.015721300233263902,-0.0014260256708336083,-0.010156385597006379,-0.007606186148772176,0.009470500434913376,0.018774318543359536,0.010285488619376615,-0.03588852801354503,0.0221885594979363,0.004525692344176768,0.012124762055326421,-0.010691448726470765,-0.09863044671573384,0.012096859626833822,-0.009420527980678606,0.009084437349839547,-0.008436390269886407,-0.017085424387362602,0.0008017018771493412,0.02104832056474426,-0.0075139942724931075,-0.00242612756930749,0.05365445242485323,0.04235021095893399,0.03355191576497085,0.0044864165197429084,-0.0013014311325181271,0.009413064742652022,-0.01385143997500593,0.01507583452535921,-0.002936765577762568,0.019089205652383257,0.022587643769316434,0.020934876593232676
-0.005552593499925207,-0.04840071195115225,-0.007357927270241871,0.006010027856985234,0.0005157207059618418,0.00787731342221476,0.010765954354988727,5.374135440083805e-05,-0.021506102745559974,0.012435079488523737,-0.007606644805982277,-0.0041524683129946505,0.012372370203647343,0.016121885947951498,0.013111137913025539,-0.008765001401429329,-0.0031841435242130345,-0.010990261401285228,0.10136429291056093,0.0004227810107635399,0.0020025727720229813,-0.002152680062250334,-0.00021322395852108045,0.003095219272519767,-0.007930205759794973,-0.014968764580619798,-0.0029427750819858156,0.001287850952136571,0.010733106134449777,0.022490387626615815,0.0003901959905774355,-0.009189884084912614,0.0051665534859342,0.0015203297637753632,-0.0022089487351724113,-0.018398816297824472
0.0024594197765426262,-0.11990296011128176,-0.00959777935994377,-0.00757125414911286,0.005588861053401839,-0.009716891333207855,0.009738205075142226,-0.0020574469700791465,0.006649036530924857,-0.009431908915814469,0.0048606768654329,0.0014717568607633957,-0.0067894952337743675,-0.10461163016105668,0.0004837363336103184,-0.006832806419149073,-0.003748021973285942,0.004137613024969955,-0.008257894665175458,-0.004014573275422428,-0.003597487872983196,0.02177027870656878,-0.010665516795110963,-0.007322330078997852,-0.008487513255850732,-0.008944174130679827,0.026471162865321363,-0.003475506224568492,0.008274922439639898,0.013814443064193993,-0.0014589612915034689,0.007516737791853023,-0.0054282635880535945,0.0029274297359569434,-0.0013789580921766964,0.0007180154941455186
-0.01916318172822462,0.04342936118404972,-0.0230491116715702,-0.0009536040478264063,-0.005584834278386852,0.0074657960087141095,-0.01970057071323661,-0.01618858472806395,0.0032413974396146017,0.013385503284262912,0.007813953196447398,-0.007429234678754226,-0.008593797555658256,-0.003797092718574424,0.0155947927354525,0.009712735399393546,-0.005814201204112357,0.003060943798823601,-0.06077090493575521,-0.014360879867524878,-0.019456448292239137,-0.0376863586695787,0.0021560992720195404,-0.015369435445162116,-0.010371816458027094,-0.0034318848270247226,-0.020936320393197816,-0.01279693461544873,-0.012043204556104414,-0.02883973010493901,-0.029453101988315522,0.0019197311894865177,-0.00787287377234136,-0.022378393594913004,-0.014936306214069162,-0.010332968104904583
-0.0003380411869712274,-0.00415744333466006,0.00030513851015667726,-5.9617077041607125e-05,-0.0025773444439604054,0.005505060399680017,0.0018693739308863755,0.012081624392846324,-0.008229629118384874,0.007370006509622051,-0.00941482511361691,0.004030234645153508,-0.00453111800318462,-0.01275410778995334,0.00011899660740488649,-0.001202452203772908,-0.0009889860670999617,0.0019953965118653105,0.04389790236643787,0.00478494168380772,0.011353182453343935,0.023271345039579838,0.013446648812501127,0.00806774386729181,0.004027482301201424,-0.015982318398178985,-0.017988226456434497,-0.024200901070377645,0.013484306598176454,0.01552922527723366,0.012430917990947865,-0.004746549145908774,0.0009250460935739113,0.012385311310936675,-0.02818555907877396,-0.010730827633322226
0.014336988205730705,-0.028293072508968398,0.04012334413221463,-0.004474752768993673,0.013600614959684565,-0.012213160310602822,-0.0076193108750017835,0.014079776293172364,-0.0002458810207801587,0.0059701195242236604,-0.0029817095949451478,0.013708066663892682,-0.00435379796795099,0.031035016137927363,-0.00023796489779426278,0.0008026519533070875,0.017217604259347485,0.011010858258807987,0.012875864348618205,0.033153741838535256,0.009809883167948952,0.018973387187112056,-0.0020168297653853084,0.006387656934967678,0.007202123237706637,0.0025125518051214435,0.00551395956520051,0.011801887254520249,0.014721249935869096,0.036887982197745695,0.01788741172478847,0.01041345332089394,-0.00967908162979736,0.009229824315281743,0.0034924890404557374,0.008501932287838576
6.663448543164918e-05,-0.019382272885288487,0.019566378079554525,-0.0017978544787532469,-0.004159687185470995,0.002984408744046485,0.00861803595092181,0.004527686944720388,0.0070704401370471626,-0.004549418589283261,-0.002242970081622442,-0.00748857929636404,0.0001987342727147734,0.02035520966037363,-0.0036904341014081243,-0.005613589349630521,-0.005924181054799527,0.011933651426714542,-0.009466454136603186,-0.0013556590530151569,0.003605414279949759,-0.003507233797621634,-0.005637112676418088,-0.0002469988877473739,0.05489676527631193,0.0013426559634794888,-0.008550927880006554,-0.0038599023623202555,-0.005995256987854636,-0.006727151019036981,-0.012771213158875527,0.009223570027074413,0.005942821798163411,0.0014611840049920666,-0.009268274502505225,0.007558090406990514
0.006666666666666599,0.040793737083203885,-0.013235142524536614,-0.0072046468059567825,0.05726527848005203,0.0006376481756025232,0.01009777642923737,0.005302445341569539,-0.0029915373574065374,0.014422170758687125,-0.004870765146487321,0.0073550819413474855,0.00576313428629005,0.014726663130165463,0.005018439535128927,-0.005645122687134241,0.04197172846211972,-0.004121748322504448,0.04068531115835228,0.03133481321257747,0.004789974666389973,0.01017466737266215,-0.006417791718476673,-0.004248899977112863,-0.031275444680882614,0.003218026294028453,-0.031124073579203104,0.021382502576075213,-0.009047266224297967,0.00039072956311803075,0.014621182240152963,0.009396737069252037,0.0034664048341039866,0.014103507775361956,0.0015653745093382465,0.0025966576163909405
0.016490102603735624,0.03250123721868614,-0.006385591602433571,-0.005382149909848866,0.006423222704134979,-0.01210710645553581,-0.010919703493223243,0.0015296730545240056,0.0003674213352895528,-0.006516128553259004,0.011483436737427688,0.004364703466512854,-0.007508418564166397,-0.043585078946033584,-0.01795271030902512,0.0,0.003881000496836151,0.009197496716186526,-0.007281079911916399,-0.016569669761994477,-0.029893753731727646,-0.011909275388136464,-0.0017223829774161148,-0.028628868839339683,0.0036314971405988494,0.002583919428484016,-0.01315917023534019,0.0008307994976837207,-0.001811967831759076,-0.01757576402390515,-0.011002808824632337,0.006928830776908423,-0.014936923219568077,-0.003356944578093768,-0.0009149643089266801,0.058273425205148444
0.02853599235957094,0.006767610078050268,-0.0061037844860868384,-0.008633828494928664,0.027858648188555213,-0.004085079225054633,-0.010884729821431072,0.009075813548891531,0.0003060719886960328,0.0005178531924043828,-0.017681013847499316,-0.005365133061734806,-0.01094961660507432,-0.027973065171605582,0.005448027510818632,-0.010948863634569928,0.006714750209173781,-0.0020505875021803455,0.02431616243966417,-0.009636807634393785,0.0,0.017694590474798266,0.028146135781171422,-0.00045968970983756297,0.0027800057205309425,0.0033772208865054942,-0.012942394839064453,-0.0061424413098999375,-0.008843813682139268,0.020673149085961073,-0.013271379436606612,0.00451703821223326,-0.007655902785093316,0.005613752686801199,-0.009005427564293011,-0.006118348864242007
0.016976043690765552,0.03710397264613152,0.01951632851254903,-0.013063483956608835,0.0069976724761888764,-0.019861811305303623,-0.046219185870088,-0.010594769617940036,0.0023864430257996005,-0.0024779928152859343,-0.016483474579687463,-0.002670011249926829,-0.003220608825065585,-0.03436408673141356,-0.02829625785525447,-0.010660181027030813,0.008650653721979484,0.008105043732209438,0.0025158004057526107,0.10080451943939561,-0.007882848491612915,-0.05486963312379367,-0.022865468819464163,-0.010169325449612687,-0.05773375189081409,-0.018777703436045456,-0.007052768712346169,-0.02937087403122407,-0.02505399257631269,0.0780317109186226,0.0001922701267944582,-0.00016811516236447943,-0.007714891458839079,0.00377486851602149,0.015363862189540889,-0.028454198009197684
0.002927444483147079,0.017422066999642327,-0.012423915954251075,0.021315025972471258,0.00024473644194600297,0.019383200179596383,0.01384539604317725,-0.027148575482836,0.002075605377086731,-0.0032858304848232267,-0.007705721236956342,-0.017550551487699018,0.00626012460471248,-0.0213315679448004,0.011648100806033401,0.023622173618387254,0.011341758004701719,-0.010757529897791773,-0.018595967579615014,-0.044356802141543694,0.02486839275249264,-0.01652999229869645,-0.0018248359981752893,0.022638621425113525,-0.019754405687531063,0.006048006646760751,0.010804327873010111,-0.022744852472694088,0.010091241587407485,0.00999639694068355,-0.028980526753186298,-0.004581554137481403,0.024026838168488496,-0.017478843682051437,-0.012856148975383452,-0.01605180855439725
0.0024220555167078217,-0.04135293163642506,-0.011026097938325208,0.023912301356211252,-0.001027506622908736,0.026361303007890635,0.026337226317479923,0.0033255170988133465,0.006701213079971291,-0.0018928746411912556,0.010289356474071365,-0.007156578795553092,-0.014649876181193622,-0.007546932172393883,0.014208757175486086,0.002429087850329692,-0.0017436062261199092,-0.0005723704795780327,-0.017046984203271998,0.013602767600061183,0.025573911833788543,0.009284923442549164,0.006990011617850733,0.025696679179678217,-0.003668361296149558,0.019111753621686045,0.010292981469292917,-0.01414653471164018,0.010157450960891046,0.01848325740886314,-0.029662743522721025,-0.0028714005156188493,0.02419791300037022,-0.016442037322356384,-0.022128276641570688,0.015311959600454728
0.003283555958565998,0.006284744794100794,0.01129724998841719,-0.007844063033457305,0.009158319609273491,0.002736884203071721,0.005544091053371947,0.006503066466384988,-0.00913765692609203,0.00037923498364555996,-0.0030746033870656664,0.00462988175101664,0.013441952503521648,0.003509724282895643,-0.006280295510051048,-0.011712482050976525,0.0028581738996842354,0.0032786427691597897,0.05256139927331449,0.019936471177174786,-0.007264852339833094,0.002219544305293919,-0.010572372353333637,-0.017596080407989323,0.0070291263155988215,0.003433697687631243,0.0014694656131657435,0.010479367654691929,0.002667201397543062,0.009366501841153285,0.019469037912597686,-0.007495564672059252,-0.00219999850300312,0.00010964266983770621,0.002396511424613168,0.007470139978695833
-0.031678429081589354,-0.030537595031082,-0.02328036855170068,-0.030126985276960117,-0.02283364563814283,-0.03926103985881346,-0.03512916758533691,-0.02172779488228127,-0.015878840087555468,0.009067900542669483,-0.015034705478199961,-0.024201762410989702,-0.019694525226947923,-0.004875276323472066,-0.037919172536447276,-0.010216544358314095,-0.019554303393242822,-0.012842595554865,-0.018948069932440692,-0.024985480621576794,-0.03154670050198438,-0.03838669506454295,-0.012196527303249716,-0.02454966346041898,-0.054083566284655826,-0.029042708810574913,-0.04294247981123678,-0.030021807902543718,-0.02182261231608207,-0.03236288903248696,0.00036960809979413867,-0.020267084432691873,-0.040885758071711575,-0.024497245676829538,-0.04573783096515516,-0.0296586828066564
0.02187365594013646,0.05090019969335757,0.014739444446683736,-0.00432286928861203,0.010230932590962638,-0.0037150342328288177,0.005551022899394242,0.03247412346118539,0.01861731665559052,0.0157028493904543,0.008414833291158885,0.03455877892874004,0.025010275753039046,-0.0029287385517433595,-0.05394141941886432,-0.013625158291925565,0.0035931806271227718,0.02985256630900346,0.04586271051925017,0.041609835896742275,-0.007147931645673511,0.0553423707595202,0.005463322665321568,-0.007319174845151322,-0.003564111690870009,0.0006325654482892684,0.005723700358975181,0.016735956821007036,0.0016846696680505868,0.03260617191491222,0.035824832528003725,0.027349518542103102,0.00389805791816622,0.02921349107444171,8.218249049263271e-05,0.018886931186073763
0.031577617231232535,0.006833850427872656,-0.04014438769701845,-0.0148855466938832,-0.015264724341454539,-0.024566716863278715,-0.028413703452904948,-0.018889397799763508,-0.02656268293963515,-0.024569583357254565,-0.03007955155748987,-0.02301677657903123,-0.015999984741210893,-0.012550769251080007,0.00026707852499430196,-0.04437001610486979,-0.016051159440979235,-0.021204656047357662,-0.021864050798921175,-0.060979436249346985,-0.02478662531011333,-0.026649905745042002,-0.03216696739159319,-0.014358174336878471,-0.003274528445765257,-0.009843799640929962,-0.034654508752850366,-0.031068871960002742,-0.02400164404390681,-0.02484333711604103,-0.03733538664685199,-0.0212378159402713,-0.019315009041259934,-0.016102575293353683,-0.028213544081848507,-0.017970803395669033
-0.003206284147078464,-0.04346763456194869,-0.04271708597847701,-0.005918298925656318,0.0036595698915353747,-0.014166885671870744,-0.0008355487455389277,0.0019505577649994166,0.002378315744417492,-0.01055575035164602,-0.018007115221268966,0.007666553177515079,-0.012195168282808755,-0.030125978061642744,-0.006274206846180075,-0.02628122327352911,0.003066327883022524,0.012214768074491289,-0.058470637067229214,0.017767958264675254,0.0046403969924320165,0.03043682079781518,-0.003143858392019472,-0.006622811453396604,-0.04882488432704524,-0.008938304751865855,-0.02094956629361433,-0.013596854263743463,-0.0038895078435394748,0.01369054422034055,-0.07430909985443723,-0.01741086841523032,-0.007868092141285477,0.0032731713816833707,0.01043824006277716,-0.020028809208744947
-0.006129815739731703,-0.00949773919092467,-0.0006760832290780838,0.021027386818984972,0.01835566490051077,0.028879172374213224,0.024920519166317545,-0.004163910546011951,0.009648856514059556,0.002283827933555971,0.04930718955065205,0.014327705276693914,0.018518550496624986,0.043664879837466586,-0.0073885932610086025,0.036887086840754035,0.020583679208873384,0.00887985474966313,0.010529086305433921,0.01239654321973993,0.037791291133635996,-0.03415304765818783,0.01362911507212372,0.02937738322313055,0.07540253072595804,0.025400279898926348,0.023978588774542953,0.023098849178315728,-0.009367562654173267,-0.02665887755323537,0.03969509398774651,0.02450737581741458,0.03274501591852297,0.0026645073693642995,0.03471348517622608,0.03293630044714013
-0.011724464053185835,-0.06419878890850617,-0.011437282589672804,-0.01811312547918953,9.811547195681669e-05,-0.022722220352689115,-0.006364219931743964,0.010263283361174658,0.025463900641359283,0.013591865370880196,0.005436843424001081,-0.010621401087527071,-0.005050505050505083,-0.01720545725737077,-0.00744348669377215,0.017787417409712125,-0.006789346588060519,-0.006657683920100244,-0.0442659841595372,-0.03594592501084615,-0.006574969875236314,-0.004505451821695594,0.009778938924908998,-0.01241161545269509,-0.019221263443989445,-0.0016155116508158596,-0.02583227033963731,-0.01738360721643928,-0.011857683369622007,-0.015202627206836294,-0.01645894067085507,-0.01092798523539662,-0.020411205388257803,0.0008857244034516931,-0.002142277394530767,0.006263379948843406
0.021502787105003085,-0.0058720564248528895,0.03594706984401963,0.011813847365592434,0.01934728107616812,0.006382553015989112,0.011331950210588415,0.012291283160215771,0.010381831008292597,-0.02178869845472642,0.01100812204929369,0.0022412068146095976,0.03532998331912274,0.00505631474802315,0.0010907873884520303,-0.007672522463183951,0.010012385669558643,0.01272296673989537,-0.0343725931328136,-0.004043430952446969,0.010793173490227126,0.010628835166260897,0.019588442491426328,0.017166087367199934,0.03723109066014363,0.019057917900882293,0.034925102758172955,0.006653558742565346,0.021822772448576,0.010168992251398778,0.005594416593646567,0.010048271920708451,0.011278039417228491,0.0014934691215657825,0.03054241027843596,0.027585187167853187
0.035446316791349686,0.04235834116680648,0.01554095233048014,0.015047483132789363,0.0011546318370347919,0.0126839759737154,0.011204914033650093,0.04499285372122919,-0.0011417043834681673,0.010381675074706775,-0.05291300535413179,0.025149718807385257,0.030986428012310885,0.0333225340353287,-0.015527019890975047,-0.008591124900677927,0.022812325324687688,0.014133506614295577,0.04163676575991748,0.04332595713091281,0.03253755884114051,0.06452703346290223,0.0030221227164781705,0.027767782937466956,0.014328720022720676,0.02558222927191922,0.016040051493595886,0.05164160295288234,0.018879131879913746,0.0409945887943135,0.07598864354424051,0.01261848913709862,0.01670334237194182,0.030818523728572078,0.024134181329084736,0.020374495723694874
0.02278308985945654,0.01636316704302354,0.024007930543084477,-0.011441258023780487,-0.011845818546164288,-0.012301481733904884,0.002890642425767531,-0.0031166413102294843,0.0017446222244823506,0.01501489952206736,-0.012908466687935105,0.008590459077349788,-0.01559824423786238,0.033137900164769585,0.012866589542356976,0.003899465200059904,-0.0006616804657790798,-0.0009955089441376908,0.0026924361285129983,-0.00035639881999049994,-0.012195121951219523,0.0025495181212344953,0.0018292698528357132,-0.006973027741090321,0.01053487012858434,-8.603247932825742e-05,0.007483274414360919,0.0009104454388817462,0.01150182642410913,0.0022135753138834424,0.003647903731922586,-0.003529998961611547,-0.005951883195707497,-0.002036031311911546,0.002801845742304243,0.002968073167249452
-0.0029700951966102895,-0.06095642075067487,-0.0022385958368836834,-0.001555560968085068,0.0002188360799773026,0.007472867576878484,0.002562047165050707,-0.008733130425135571,-0.0012611500629292616,-0.0016924304307565086,-0.023089481561972325,-0.00822360318876214,-0.024541071647607215,-0.028376011808067703,-0.004780760814677709,-0.009926572892369201,0.005491934902008833,-0.004539371502437439,-0.04916000495458872,-0.011217446472091441,-0.006617265866126654,-0.02949964770618063,0.04522016364245407,-0.0020890392493285725,-0.016443165619937306,-0.007741948609711002,-0.004578770018570433,-0.001349740233434371,0.008870837874312087,-0.012671356085038887,-0.0355356231226448,-0.002229225010363378,-0.00672967753093856,-0.013851615522086913,-0.0028321920916194454,-0.004304542784341225
0.028013287454401015,0.013179957825059097,-0.00021225917974687647,-0.003988520698205877,0.009870174538677112,0.0006742813703104478,0.006388719170775881,0.08271914230319144,0.0159942499017367,0.008539084572716016,0.013386358320544689,0.021510273431267546,0.0021790929348073362,-0.016897029951311815,-0.003293920311673526,-0.004359228232087564,0.012512133423537408,0.004115171862054234,0.0032584860851119224,0.018692466636893057,-0.021376033870930677,0.0005240866967144431,0.015928517857727087,-0.013695157026716975,-0.01204471010505892,0.011963631565388377,-0.008995238361366842,0.013574646432682913,0.02702186588889477,0.007182316616350715,0.007552714165763641,0.017143551345718766,0.004134936756755803,-0.0013610627720422874,-0.0013049162531946212,0.009592093300016424
-0.020674235264256824,-0.04977243020772948,0.01437449654094003,-0.0118885207936259,-0.024458362569550696,-0.02111407495605855,-0.02190124250402281,-0.01586254155985889,0.004971274970836159,0.00544739360733093,-0.015273574394782052,-0.004532978618920103,-0.011662386851321482,-0.011299080611591794,0.011016126320991804,-0.01751308680147612,-0.01583905067374014,0.016171899692221103,-0.03428365135600575,-0.0135851026616155,-0.012800996975758427,-0.03686237007474935,0.0004046121282619275,-0.016416874521138713,-0.03735493881453189,-0.010023179685536565,-0.03940175387925593,-0.013334897430024584,-0.002227358364450427,-0.013911571267639644,0.013817623557042191,-0.0072233831197555665,-0.026542950492215556,-0.0270402423438193,-0.0004996250754170095,-0.02141049152471597
-0.008023236702153325,-0.00817454661938255,-0.00224221956380366,0.0076621987760623345,-0.00750167333087115,0.012620450067733158,-0.0014603302130146156,-0.01085802174904571,-0.0024733418231184245,-0.02112274819734805,0.022007964955673476,-0.021153211677194306,-0.005999984741210884,0.0022534507884006683,0.013612065878194413,-0.006684494993111634,-0.01858178297180213,-0.01863962420199672,0.01345293729972119,-0.04375393083161805,0.016980565575498874,0.004282730101180965,-0.0012133454505012242,0.010867285036898267,-0.00962509602447481,-0.00735547327863284,-0.010952393134305183,-0.03560934198733323,0.009068909447938145,-0.012566655209618749,-0.047641552403707044,-0.022551284807285743,0.013251106246419342,-0.012270983506623034,-0.02045610371984974,-0.0025980421051203795
0.02850915601733095,0.018236617552929157,0.02373108904980903,-0.007478147378047084,0.013948247591486274,-0.004305516356389538,-0.004387397688444761,0.04057509969135853,0.012869755844060471,0.03738274260874097,-0.011894966036284482,0.015064981880148043,0.01951705012304883,0.020663814492990262,0.021296794205468705,-0.005383617448326716,0.020122020474519164,0.0218816088794187,0.08038343219662858,0.012525739145507586,0.006172845701633012,0.04014085227151254,0.017918683892022225,0.0028033442656196783,-0.00035809373001916,-0.000261518433757324,-0.0003256378456170106,0.010419246677689564,0.022168952074167025,0.028454814880022328,0.03577770654018719,0.01828311390355175,-0.0036718323297670885,0.018436578298760997,-0.009931303395520952,0.0016451208276815343
-0.039263850669816525,-0.05027716248650771,-0.019785780287909893,0.01563881014846613,-0.020303569870444904,0.02412383719663347,0.001632095207670714,-0.02997533798670038,0.001457131137889256,0.008402735608141976,0.013698663926132726,0.06741277066930129,0.0031577593821079386,-0.010017851806476852,0.008234861721912567,0.06946319668011913,-0.016696459800550012,0.0025000364884086856,-0.053651881299328075,-0.02089603285110264,0.008749901879832711,-0.04529484932964012,0.006663324490194578,0.01913259825347513,-0.023742514268760173,-0.00950474332389728,0.004886988089448874,0.008653425452263441,0.009739397934882765,-0.03467202583528228,-0.05882170940137077,-0.008849145355818155,0.01872977201508874,-0.03860075041999278,-0.0030132013385482104,0.005611876208735822
-0.006501771466984829,0.006095482369819827,-0.003314378536255158,-0.022754277970191583,-0.028908937572292404,-0.02488886515299482,-0.021834775556622832,0.023007087279810268,-0.02048657969044787,-0.015395073989839303,-0.0018427741659340358,-0.010883671750433588,-0.004131475341431545,-0.01350994994308774,-0.002898184825314898,0.00295240254321949,-0.020336494438419006,-0.013986781617420174,-0.0064194993765622765,-0.02159443557034013,-0.03160524129499798,-0.003749168801631675,-0.008496372505195082,-0.039182644677605794,0.00964417244839555,-0.04366580900063066,-0.011671896851177643,0.008579186104863856,-0.006207016944246635,0.00374893782096275,0.01091993928756696,-0.010524055972277346,-0.022548133256181102,-0.014426450782804134,-0.0009544675365144029,0.007485986296789315
-0.00812200183829448,-0.034989335520704046,-0.024985757884865567,-0.017989153962673532,0.0036599383214261927,-0.01640841392837389,-0.014492736124872563,0.015859346454344614,0.0066547539921497645,-0.0026878829930934156,-0.007179460724973108,-0.02639814609830693,-0.020150147753582703,-0.018904427122194756,0.009512500957580272,0.017241376488346116,-0.009956072014818296,-0.010996260975958294,-0.014156057700487779,-0.02521476557473412,-0.018119989257736502,-0.007800201418112107,-0.000398564708489868,-0.02668937340807842,-0.021543939417943414,-0.004971011039129336,-0.015212781378297735,-0.01567874523004542,-0.012671342554701814,-0.01168679983756904,-0.0166658702211534,-0.00021796369364690538,-0.02377812220147102,-0.0105225635160211,-0.013732947308654375,-0.020805098027210867
0.01908692484927288,0.04288066621194697,0.026885849352599855,0.013966395772049722,0.002747836006651738,0.023864661328506065,0.022650442123801184,0.008284736365057777,-0.0029512454574660563,-0.006129459163211504,0.009504124114394275,0.01843027152210186,0.023588750395890257,0.03536242047771676,-0.01138597964775978,0.011574950653442162,0.00553700765611187,0.005670385734848127,0.062223834744846274,0.027190118902195914,0.025165081549401336,0.04420387493916644,0.004684983487184269,0.023438611221429317,0.05857390065352597,0.02109359317178705,0.034229763133508895,0.0481166230801886,0.015996902826171056,0.10544930237131167,0.04286636671182853,0.011292275597307055,0.022435671915113087,0.022338369434558247,0.03410417326156612,0.02262692209839079
0.01531876878626437,0.0749469528140827,-0.01122082544292946,0.003908025539894444,0.013240488159325103,0.0020366633940900325,0.008099201296971836,0.013864852234549474,0.006215978351524987,0.009855246981273824,0.0034792575240591983,0.02748858746902183,0.003939349244360013,0.013429170425765635,0.008207608407039269,0.012668623165543735,0.011013036047312186,0.0038696087929763756,-0.0025649574848353174,0.01705118286831575,0.005420951487052905,0.005943793198764036,0.0010914339632603909,0.005284968472177409,0.010876093236155127,0.012412748782230976,0.0001074805124958722,0.04056420829595231,0.01661854373003835,-0.003749531498069003,0.01997399924803367,0.024444915902329223,0.0012698298390607654,0.0012203129523691292,0.03055959105328765,-0.0016190332182302036
0.0036438134358485197,0.05761892529677248,0.014495318052349715,0.0035736602986138344,0.0036143782803466085,0.0031616845868995824,0.0004918638870519132,0.014651977117033477,-0.0011178586811888547,-0.0015344483370706152,0.020395724898808254,-0.000941343535213357,0.006670593377380296,0.0017216289840582544,-0.005646012138911027,0.003632025912907011,0.0015618722430807974,-0.0011013887682205237,0.01570749534430904,0.006411749660156563,0.010579788950619173,0.0208114365580212,0.0040633673367540535,0.007088175314085676,0.012543996968971571,0.005638132225316506,0.00999248209117054,0.004776265224982756,0.00396551690521596,0.04516279080777563,0.0072057750084857375,0.018432812780138308,0.004109161676842277,0.0021476022427029395,0.01590610378033719,-0.0033783783783783994
0.022974830268908786,0.02524830497305519,0.032633345543763514,0.005723108602994298,0.01767947436014672,0.004952751683293233,0.014257602841005523,0.014259990490340657,0.009954072644347,0.0176886576758859,0.008794719260530881,0.029803312038823027,0.01227825446416575,0.0,0.011091988652522922,-0.00361888203956362,0.014434781820893194,0.006835752673021833,0.05624744255531566,0.026836143393574874,0.010670477421630187,0.046498137964609665,0.010759063274276004,0.007791398123371929,-0.005141528966220443,0.016463454915928155,0.006595773899809032,0.0017584880105681044,0.008360574992943404,0.00010588355866159027,0.02268070031999292,0.017727244984019785,0.015864263523147626,0.016274745158078696,0.008089551823431185,0.007322046312235209
-0.00576725189575622,-0.0050002477248370925,0.00011557151126107001,0.0030348193326987793,0.005271115103357982,0.0013441168035708273,-0.003231552187943798,-0.00783061794426998,0.005190408720548767,-0.010313974212437627,0.000792542775585936,-0.0001444637455669806,-0.0034655431254326796,-0.009947338461344324,0.003134358949014704,0.0016142162867622822,0.001261356995166496,0.0061322553708405,-0.007838861810590347,-0.004580446936892191,-0.004282871500404739,-0.018928231366451165,0.0036132959162693545,-0.0011081929282804603,0.014569113257587363,0.011819282609816684,0.007186644318717406,-0.00010965502445603459,0.010206307785376234,-0.015778862185260367,-0.013991118210980202,-0.0008931989439721066,0.0004973068586298091,-0.006211867158532947,0.0013682329858764053,0.006461108111774694
0.0005020447322792165,-0.0020947103349137075,-0.009473741458414398,-0.0005042244643594929,0.011373135501216769,-0.0015659886718001337,-0.008753397841644195,0.005396091706371342,0.0035391077291220263,0.011214830375015472,0.0015838302979118701,0.0003613220644662629,0.0013524635199295698,-0.0006838762684819866,0.0018226714503100094,-0.007252266563626986,0.013975270386358485,0.0011972204357839633,-0.03192947818825009,-0.0026932424244504594,-0.012403699596161832,0.008393863336343177,0.009049267187584586,-0.0036376078992195193,-0.011982734983717602,0.007008718185797624,-0.005351543755496735,0.002002470103799503,0.007453570660576947,0.03475363380471963,0.0008868762841647282,0.007883883142495662,0.000348025665577234,0.006537443271747545,0.0011816281566010556,0.009228333186908522
-0.006578257901939555,-0.014592268793630292,0.004140616142903397,-0.0005045756452991546,-0.002190618986726234,-0.0022406965365231457,-0.005887172548952546,-0.011195147895080582,-0.0017344224411204312,0.004104283521861207,0.0,-0.00382756991954869,-0.001736448956364267,0.010054238299921803,0.0024691676275705454,0.005681858121382888,-0.004581201388964007,0.00847916944679139,-0.020976667513691094,-0.007206498210468815,0.0007090012401917978,-0.01863585588036376,-0.0001928268414964629,-0.001760805727253345,-0.004664622071883562,-0.0012029506182543726,-0.0009495090876235901,-0.005393274235374834,-0.0011119368706977717,-0.023708027045286517,-6.11675600455941e-05,-0.00987862183987398,-0.001192619665110528,-0.004216074949584314,0.0010170457866973681,0.0009276397518354074
-0.0035352953693170708,-0.012668812673032437,-0.02326048202107267,-0.0008202040630514995,0.012367681353427695,-0.0008982057472833871,0.0065799918598037355,0.0004961148225912648,0.006023099298954726,0.0026898760154907553,-0.005139308675422338,0.001739848572842817,-0.004638609792830373,-0.017198264372430216,-0.00648172159652749,-0.007263894755045741,0.008151580867146624,0.006359857590112927,-0.008611781278416442,-0.000217693029463506,-0.006477726415789142,-0.003924516609411621,-0.005015352553894736,-0.0077038838590487435,-0.006857083240150441,0.00628013911174663,-0.0024286772434087833,-0.011010184790535948,-0.007727679329398551,-0.006823748623532411,-0.008295891554471857,0.004153788412616377,-0.0023880874102282235,0.005664295114306439,-0.012080198692893007,0.005163503190143581
0.025004150472947906,0.13531671306766135,0.00651108191367844,0.021155525431299838,-0.015349015607563077,0.03798603198360739,0.03840500639907862,-0.003140869395804158,-0.004202469392166841,-0.03345124340700656,0.008146274334376313,-0.01770593468211723,0.03320386571791567,0.03372574264820183,0.003001087666562041,0.033739795399308825,-0.011490240385196304,-0.018209050311999375,0.04405845632794425,-0.018267396078107234,0.020680508390001906,0.01633192714451881,0.00969366818887929,0.033407395600841605,0.03248556054143403,-0.002479275989577534,0.018736070924052273,0.0019482667153181144,0.0028476006003972376,0.02791195310285377,-0.02922458617371404,-0.010422610532623722,0.038400185358357763,0.007851109919098098,0.003739435905272037,-0.004873486908734459
-0.012691597320536263,-0.04183272120805026,-0.005937288695254117,0.03790980999860638,0.010277950124552682,0.039194485953438996,0.03761409120572412,0.011457479801634918,0.0014452538222615718,-0.04174158596959843,-0.0059418308929422015,-0.007146167481857368,-0.0013155364786436863,-0.0194931927986407,0.001821248661977748,0.008257982596616031,0.0168290526831949,-0.010691722864710207,-0.03873806650308964,-0.02082435206401545,0.04062281261251077,-0.00981674568454749,0.0012480231778260187,0.030733880117240986,0.027759089076869525,-0.020911916652592177,0.03252291097557114,-0.014916653103298594,-0.014391369734197856,0.006161841648988142,-0.041578080423361974,0.004671937278440064,0.03683600576865498,-0.00903184250551825,0.034833377237926344,0.015486407964057536
-0.02659988236212174,-0.05347121367683638,-0.03672773718954081,-0.0182821016500766,-0.013564591980405605,-0.016878544383432836,0.012437428955386354,-0.04161447508099492,0.003405943608101758,0.0008414555521845113,0.0005977803310435181,-0.017610696781345414,0.013737289247664819,-0.02082241153211306,0.024282496627898942,0.022230854718876314,-0.01947575809571922,-0.01047636683993225,-0.05726356721585413,-0.039817634646294287,-0.024745844793706784,-0.029174002900865803,0.014574727156871248,-0.02171887176034404,-0.002621343190536085,-0.0332632658737857,0.0,-0.0357555550889479,0.00010910315276801974,-0.02013696165409462,-0.05162763279421334,-0.008525377890783004,-0.016211970789597796,-0.015437235356060897,-0.019872517665686984,-0.020594392673553785
-0.016693335236175,-0.02152340187700552,0.02557293297947738,0.010624041434441622,-0.003634172734112484,0.020135666740028313,0.02352059467901446,-0.009284557858670328,0.00023008448077099786,0.0030395214761800293,0.0057745339263457485,-0.04829044662413673,0.0025988378025672,0.027302845214605354,-0.000633816228500339,-0.003815290177825559,0.011933351209482357,-0.044132470363506204,0.0005876006951239798,-0.01231259972698362,0.017112488774067902,0.016911608897022923,-0.03043190885041347,-0.004264636846719405,-0.008119448664098528,0.006338255457877029,0.005836713149131034,-0.022722676572228595,-0.040962832184689324,0.013241525209693128,0.0022347374814846166,-0.0068707240422920535,0.038514105654116504,0.003182151489303342,-0.0027548209366391463,0.004391826373905339
0.0009883614473564784,-0.03544659713080289,-0.002015228681273573,0.009908164253964458,-0.029943868596317813,0.02181589889380131,0.008196685613219845,-0.028067758285347466,0.0012653929594546032,-0.02148616467646547,-0.009107089680431724,-0.019179840110394197,-0.010553595862582643,-0.024288750534002035,0.018647738000229674,0.027354464977158877,-0.025990204405273998,0.007461898613641882,-0.03105039903252349,-0.03098807214009025,0.006091712376394609,-0.035371618963999096,0.015596119560505661,0.0014612579057926567,0.019683939311981202,-0.032121645801958976,0.014507299869029211,-0.029594782295822686,-0.010149099667233874,-0.012545787333960834,-0.01332653416438856,-0.010563830557212106,0.014326475152174112,-0.026241438766793412,-0.029208076153890428,-0.014442877297663803
0.00011618907285648739,0.03034201464995956,-0.01121191453901016,0.0009571886731516432,-0.015624588108432702,-0.005083367190904409,-0.005952323592674058,0.0032463032402703096,0.0005169826340993833,0.029601150586126224,0.00939063392342887,0.006068750675169987,0.033121266902111035,-0.024786828379459558,0.02577832647764655,0.0064662671367541336,-0.013540959344258807,-0.02453422817654216,0.0,0.004633879931858598,0.0007688053754344448,-0.008089657452776788,0.008350101484954076,0.004176004682468593,-0.02872390924086443,-0.01431626773167538,-0.019526660030949272,0.0038237077976555067,0.0065288774492497925,-0.005929037339203247,0.009904809771486889,-0.02491206263386747,-0.005721179804481613,0.009239502442725867,0.0010623317202873572,-0.025410049199236617
0.016783781570778755,0.005935082340240205,0.019203181187918528,0.001016006224622723,-0.002038863482077269,0.005722435674443638,0.0420621761658031,0.0014328267868450872,-0.0004593318705617966,-0.007263500235092368,0.012272346125631994,0.005656779859136929,0.01267887655401756,0.04684344065139956,-0.008498294941064133,-0.004535107182040088,0.007307504008681853,0.005931901703276621,0.04022725423177076,0.014959869912126944,0.017190060143486896,0.019118929610048685,0.009328028993927484,0.009720104804257446,0.03205774588950927,-0.01876825319890596,0.023838289984220884,0.007649034631868723,0.03631552178173658,0.0033017100927570375,0.011258745526933955,0.010262353024655724,0.006248581701902456,0.018955464213750606,0.016372966550259882,0.02372742821617302
0.0025702361408266317,0.039289689336566624,-0.0033196320476467367,0.005671962010180831,0.00706023320647331,-0.007112344658253167,-0.0029432247927633215,-8.035976842646342e-05,-0.0010914035579475678,0.0075745563368754265,-0.0037152645478412127,0.008152077938508029,-0.00304056822409704,-0.022556428716829946,-0.00575488222408016,0.004176181082548469,0.004889771669733589,0.003538099057955657,0.0011652732135625232,-0.002522741587310695,-0.027095875819501125,0.04657268773790868,-0.0024519382702948844,-0.031608958243956375,0.00661972339366157,-0.0016339693141999012,0.004420836469150036,-0.01481612558483425,-0.004187566103313722,0.009660336428772398,-0.008730357118550636,-0.002762639832781133,0.004869555012879223,0.0006910966642459382,-0.0005221115017590705,-0.010780156747511205
-0.019028065636177538,-0.06749101813983738,-0.02034447152559682,-0.001246774583372745,-0.006214645475314473,-0.002046710756634207,-0.007168992698988963,-0.0398874558819835,0.0016101137959989575,-0.03888355259747445,0.006476899144572057,-0.041941746127474144,-0.014352404515030281,-0.03306625289698939,0.001477866392760152,0.01323245610682533,-7.9745108742868e-05,-0.002232868964493262,-0.03440747570770164,-0.04216475495219407,-0.004852013441948855,-0.014854342404542198,-0.004159571804477014,0.0012553873522072045,0.029661977644347637,-0.014152317144821791,0.002151811671556203,-0.03078973912079419,-0.011066109263645152,0.00536223460159424,-0.09091543897006116,-0.011507531649158853,0.00675766843419523,-0.022848927888938886,-0.0005222703857662436,-0.010897738889103725
0.005110661887074208,0.017497698371938375,0.01660127030068992,-0.06146345241925233,-0.03871003814421148,-0.0174322908814728,0.017556357657992905,-0.0013731095980616947,0.008382172323229131,-0.010135010912158071,0.007800341953993817,-0.022165674720800888,0.01383331188983683,-0.014308581937407028,0.0007377958536511908,0.014179144736308436,-0.02911850689618134,-0.020023610684135607,0.031188784227236255,-0.0038522841435423283,-0.035787476246954,0.06247619151169381,0.008353892223504467,-0.025230260131906546,0.00920059345037405,-0.022265612747287444,0.006831979151781908,-0.017464325436398642,0.01188377735546875,0.018197007046537816,0.018723879796597842,-0.013711002355036528,-0.01332149218762868,0.01307575236579539,-0.004404879349116375,-0.019694261026791837
